<?xml version="1.0" encoding="UTF-8" standalone="no"?>
<Videoconsolas>
	<XBoxOne>
		<jocs>
			<joc id="1">
				<nombre>Red Dead Redemption</nombre>
				<preu>59.99</preu>
			</joc>
		</jocs>
	</XBoxOne>
	<PC>
		<jocs>
			<joc id="2">
				<nombre>Borderlands</nombre>
				<preu>29.99</preu>
			</joc>
		</jocs>
	</PC>
	<PS4>
		<jocs>
			<joc id="3">
				<nombre>Final Fantasy VII</nombre>
				<preu>69.99</preu>
			</joc>
			<joc id="5">
				<nombre>aaaa</nombre>
				<preu>54.49</preu>
			</joc>
		</jocs>
	</PS4>
</Videoconsolas>